ID prestashop,id nazione,ID provincia,Nome azienda,assignedto,vtiger ID,idx,idxx,0,nome indirizzo,desc indirizzo,nome ,cognom,strada,,cap,citta,NOTE,telefono,cellulare,altro tel,destinazione,nome magazino,id magazino,
2,8,0,#N/A,#N/A,0,0,0,0,Mon adresse,My Company,DOE,John,"16, Main street",2nd floor,75002,Paris ,,102030405,,,#N/A,#N/A,1,#N/A
3,21,32,#N/A,#N/A,0,0,1,0,supplier,Apple,supplier,supplier,767 Fifth Ave.,,10153,New York,,(212) 336-1440,,,#N/A,#N/A,2,#N/A
4,21,13,#N/A,#N/A,0,0,2,0,supplier,Shure,supplier,supplier,5800 W. Touhy Ave,,60714,Niles,,800-434-3350,,,#N/A,#N/A,3,#N/A
5,10,139,#N/A,#N/A,2,0,0,0,Indirizzo Aziendale,Dolce Stefano,Dolce,Stefano,via Test 001,,25100,Brescia,,,3395987056,,#N/A,#N/A,4,#N/A
6,10,182,#N/A,#N/A,4,0,0,0,MIO,teknema,CANTONI,TANIA,via CELLINI 15,,20852,villasanta,,3356947574,3356947574,,#N/A,#N/A,5,#N/A
7,10,182,#N/A,#N/A,4,0,0,0,CONSEGNA,teknema,CANTONI,TANIA,VIA VERCELLI 14,,20852,villasanta,,3356947574,3356947574,,#N/A,#N/A,6,#N/A
8,10,222,#N/A,#N/A,80291,0,0,0,Telecentro,Telecentro di Canzian Fausto,Canzian,Fausto,Via P.Maset 23,,31015,Conegliano,,43835236,3388929418,567480264,#N/A,#N/A,7,#N/A
9,10,181,B&B s.r.l.,CAT-TPV-79147,79147,0,0,0,B&B SRL,B&B SRL,BORSARI,ROBERTO,VIA MALAVOLTI 47,,41122,MODENA,,59254545,335337687,339600363,B&B s.r.l. - MODENA,WH - B&B s.r.l. - MODENA,8,B&B s.r.l.-8
13,10,123,#N/A,#N/A,5,0,0,0,asd,,cat,cat,via verdi,,23052,123,,,123321321,,#N/A,#N/A,9,#N/A
14,10,183,GENERAL SERVICE s.r.l.,CAT-TPV-79221,79221,0,0,0,Principale,GENERAL SERVICE s.r.l.,Musella,Paolo,Via Arcora 110 Centro GECOS,,80013,Casalnuovo Di Napoli,,,3398928836,5661661214,GENERAL SERVICE s.r.l. - Casalnuovo Di Napoli,WH - GENERAL SERVICE s.r.l. - Casalnuovo Di Napoli,10,GENERAL SERVICE s.r.l.-10
15,10,208,SCF s.r.l.,CAT-TPV-79284,79284,0,0,0,Sede,SCF s.r.l.,SCF s.r.l.,Cerchiaro Giuseppe Antonio,VIA Massa di san Giuliano 556/G,,132,ROMA,,62203016,3331907308,,SCF s.r.l. - ROMA,WH - SCF s.r.l. - ROMA,11,SCF s.r.l.-11
16,10,176,CASTALDI & FAVILLA s.n.c.,CAT-TPV-79165,79165,0,0,0,SEDE MASSA,,CASTALDI & FAVILLA s.n.c.,Castaldi e Ferrari,VIALE ROMA 202,,54100,MASSA,,5852451348,3475630337,,CASTALDI & FAVILLA s.n.c. - MASSA,WH - CASTALDI & FAVILLA s.n.c. - MASSA,12,CASTALDI & FAVILLA s.n.c.-12
17,10,173,CASTALDI & FAVILLA s.n.c.,CAT-TPV-79165,79165,0,0,0,SEDE VIAREGGIO,,CASTALDI & FAVILLA s.n.c.,Castaldi e Ferrari,VIA MONTE SAGRO 10,,55049,VIAREGGIO,,585942535,3391185690,,CASTALDI & FAVILLA s.n.c. - VIAREGGIO,WH - CASTALDI & FAVILLA s.n.c. - VIAREGGIO,13,CASTALDI & FAVILLA s.n.c.-13
18,10,231,A.D.ELETTRONICA s.a.s.,CAT-TPV-79122,79122,0,0,0,Assistenza Philips,A.D.ELETTRONICA s.a.s.,Costantini,Alfonso,"via degli Alpini, 17",,36040,Torri di Quartesolo,,444582405,,2936150248,A.D.ELETTRONICA s.a.s. - Torri di Quartesolo,WH - A.D.ELETTRONICA s.a.s. - Torri di Quartesolo,14,A.D.ELETTRONICA s.a.s.-14
19,10,157,VITTORIO TV di Andreuccetti Stefano,CAT-TPV-79328,79328,0,0,0,ricambi,VITTORIO TV di Andreuccetti Stefano,Andreuccetti,Stefano,via Alamanni 27/29,,50053,Empoli,,57183311,3458214300,5896730487,VITTORIO TV di Andreuccetti Stefano - Empoli,WH - VITTORIO TV di Andreuccetti Stefano - Empoli,15,VITTORIO TV di Andreuccetti Stefano-15
20,10,126,GAMBALONGA ELETTRODOMESTICI srl,CAT-TPV-79333,79333,0,0,0,GAMBALONGA,GAMBALONGA ELETTRODOMESTICI SRL.,rosset,elis,VIA LINO BINEL 20,,11100,AOSTA,FAX 0165363252,16545783,3479163390,352890073,GAMBALONGA ELETTRODOMESTICI srl - AOSTA,WH - GAMBALONGA ELETTRODOMESTICI srl - AOSTA,16,GAMBALONGA ELETTRODOMESTICI srl-16
22,10,191,H.T.S. s.n.c. di Bonelli Fabrizio & C.,CAT-TPV-79229,79229,0,0,0,HTS Parma,, di Bonelli Fabrizio e C.,H.T.S. snc,"Via Giovanni Lanfranco,8",,43126,Parma,,521294589,3489221908,,H.T.S. s.n.c. di Bonelli Fabrizio & C. - Parma,WH - H.T.S. s.n.c. di Bonelli Fabrizio & C. - Parma,17,H.T.S. s.n.c. di Bonelli Fabrizio & C.-17
23,10,182,ARVIS s.r.l.,CAT-TPV-79137,79137,0,0,0,Arvis,ARVIS s.r.l.,Gulisano,Giovanni,Via Einaudi 2,,20832,DESIO,,3621721774,3356681923,11321790153,ARVIS s.r.l. - DESIO,WH - ARVIS s.r.l. - DESIO,18,ARVIS s.r.l.-18
24,10,157,E.S.A. srl,CAT-TPV-79177,79177,0,0,0,Ordini PH,ESA Srl,Vignoli,Massimo,"Via Lungo L'Affrico, 96-A",,50137,Firenze,,055-660019,3926218505,6296110486,E.S.A. srl - Firenze,WH - E.S.A. srl - Firenze,19,E.S.A. srl-19
25,10,225,VARESE SERVICE di Bosio Danilo e Serra Massimo snc,CAT-TPV-79317,79317,0,0,0,Varese sede,,VARESE SERVICE SNC,Serra Massimo,"Viale Borri, 291",,21100,Varese,,0332 330550,,,VARESE SERVICE di Bosio Danilo e Serra Massimo snc - Varese,WH - VARESE SERVICE di Bosio Danilo e Serra Massimo snc - Varese,20,VARESE SERVICE di Bosio Danilo e Serra Massimo snc-20
26,10,208,VIDEOTEST SERVICE Societ,CAT-TPV-79327,79327,0,0,0,VIDEOTEST SERVICE,VIDEOTEST SERVICE SOC. COOP.,MAONE,MAURO,VIA ARTURO GRAF 26,,137,ROMA,,68680050,3357048232,9569131007,VIDEOTEST SERVICE Societ - ROMA,WH - VIDEOTEST SERVICE Societ - ROMA,21,VIDEOTEST SERVICE Societ-21
27,10,208,EUROSERVICE PETROSELLI s.r.l.,CAT-TPV-79205,79205,0,0,0,23,EUROSERVICE PETROSELLI s.r.l.,EUROSERVICE PETROSELLI s.r.l.,Ruiu Massimo,Via Alessandro Cialdi 35,Via Alessandro Cialdi 35,154,roma,,65134749,65127753,6680091003,EUROSERVICE PETROSELLI s.r.l. - roma,WH - EUROSERVICE PETROSELLI s.r.l. - roma,22,EUROSERVICE PETROSELLI s.r.l.-22
29,10,171,BI.EMME ELETTRONICA di Barghigiani M.,CAT-TPV-79153,79153,0,0,0,Bi.Emme Elettronica,Bi.Emme Elettronica,Barghigiani,Marco,Via Aurelio Nicolodi 43,,57121,Livorno,,,586425222,,BI.EMME ELETTRONICA di Barghigiani M. - Livorno,WH - BI.EMME ELETTRONICA di Barghigiani M. - Livorno,23,BI.EMME ELETTRONICA di Barghigiani M.-23
30,10,202,ADAMO GIOVANNI,CAT-TPV-79127,79127,0,0,0,adamo negozio,AV SERVICE di adamo giovanni,adamo,Giovanni  ,via g.ferraris 18,,97100,ragusa,,0932 624553,3494248445,,ADAMO GIOVANNI - ragusa,WH - ADAMO GIOVANNI - ragusa,24,ADAMO GIOVANNI-24
31,10,149,ELETTRONICA GMR snc di Russo Giulio e Marcello,CAT-TPV-79187,79187,0,0,0,INDIRIZZO NEGOZIO,,ELETTRONICA GMR snc di Russo G,Russo Giulio,VIA TURATI 32,,22100,COMO,,31506175,3926136590,,ELETTRONICA GMR snc di Russo Giulio e Marcello - COMO,WH - ELETTRONICA GMR snc di Russo Giulio e Marcello - COMO,25,ELETTRONICA GMR snc di Russo Giulio e Marcello-25
32,10,157,"S.A.T.E.R. di Tani, Mazzerelli e Forti s.n.c.",CAT-TPV-79277,79277,0,0,0,s.a.t.e.r.,S.A.T.E.R. di Tani Mazzereli Forti  Snc,TANI,ROSSANO,Via A. Allori 54/56,,50127,FIRENZE,,55430062,3286590993,470620485,"S.A.T.E.R. di Tani, Mazzerelli e Forti s.n.c. - FIRENZE","WH - S.A.T.E.R. di Tani, Mazzerelli e Forti s.n.c. - FIRENZE",26,"S.A.T.E.R. di Tani, Mazzerelli e Forti s.n.c.-26"
33,10,131,ADS s.r.l.,CAT-TPV-79129,79129,0,0,0,Laboratorio,ADS s.r.l.,ADS s.r.l.,ADS s.r.l.,Viale caduti di Nassirya NÂ°8,,70124,Bari,,080-5020006,328-6520794,6855090723,ADS s.r.l. - Bari,WH - ADS s.r.l. - Bari,27,ADS s.r.l.-27
34,10,143,RADIOTELETECNICA di Iurescia E.,CAT-TPV-79274,79274,0,0,0,LABORATORIO,RADIOTELETECNICA,IURESCIA,EMILIO,VIA ASIA  21,,86039,TERMOLI,,87581180,3480622043,,RADIOTELETECNICA di Iurescia E. - TERMOLI,WH - RADIOTELETECNICA di Iurescia E. - TERMOLI,28,RADIOTELETECNICA di Iurescia E.-28
35,10,199,A.V.R. SERVICE di Fochesato Ivan Mosè,CAT-TPV-79337,79337,0,0,0,laboratorio,,A.V.R. SERVICE di Fochesato,A.V.R. SERVICE di Fochesato,Via Colonna .20/b,,33170,pordenone,,43427669,3281110070,,A.V.R. SERVICE di Fochesato Ivan Mosè - pordenone,WH - A.V.R. SERVICE di Fochesato Ivan Mosè - pordenone,29,A.V.R. SERVICE di Fochesato Ivan Mosè-29
36,10,180,ALL SERVICE s.r.l.,CAT-TPV-79131,79131,0,0,0,PRINCIPALE,,ALL SERVICE s.r.l.,Episcopo francesco,via CARLO BAZZI 45,,20141,MILANO,,,289059782,,ALL SERVICE s.r.l. - MILANO,WH - ALL SERVICE s.r.l. - MILANO,30,ALL SERVICE s.r.l.-30
37,10,124,R.T. SERVICE di Garrone Margherita,CAT-TPV-79269,79269,0,0,0,SPEDIZIONE ORDINI, R T SERVICE,Garrone,Margherita,VIA CARLO ALBERTO 53,,15121,ALESSANDRIA,,0131-344629,3474040726,1983440064,R.T. SERVICE di Garrone Margherita - ALESSANDRIA,WH - R.T. SERVICE di Garrone Margherita - ALESSANDRIA,31,R.T. SERVICE di Garrone Margherita-31
38,10,134,IANNUCCI ROBERTO,CAT-TPV-79231,79231,0,0,0,INDIRIZZO,,IANNUCCI ROBERTO,Iannucci Roberto,VIA COSIMO NUZZOLO  N. 39,,82100,BENEVENTO,,,3388177869,,IANNUCCI ROBERTO - BENEVENTO,WH - IANNUCCI ROBERTO - BENEVENTO,32,IANNUCCI ROBERTO-32
39,10,179,ELDOM ELETTRONICA S.r.l.,CAT-TPV-79178,79178,0,0,0,SEDE LEGALE,ELDOM ELETTRONICA SRL,Silvestro,Roberto,"VIA GHIBELLINA, 220","VIA CESARE BATTISTI, 351",98123,MESSINA,,902932105,3409769099,3041980834,ELDOM ELETTRONICA S.r.l. - MESSINA,WH - ELDOM ELETTRONICA S.r.l. - MESSINA,33,ELDOM ELETTRONICA S.r.l.-33
40,10,196,C.L.S. di Cristiani e Livrerio s.n.c.,CAT-TPV-79160,79160,0,0,0,domicilio fiscale,,C.L.S. di Cristiani e Livrerio,Cristiani livrerio,via Sebastiano Ricci 21/c,,29100,piacenza,,0523 613073,,,C.L.S. di Cristiani e Livrerio s.n.c. - piacenza,WH - C.L.S. di Cristiani e Livrerio s.n.c. - piacenza,34,C.L.S. di Cristiani e Livrerio s.n.c.-34
41,10,229,MARCOLONGO G. & C. s.n.c.,CAT-TPV-79248,79248,0,0,0,G.Franco,Marcolongo G.Franco & C. S.n.c.,MARCOLONGO G. & C. s.n.c.,Marcolongo Gianfranco,"Via T. Campanella, 1",,37133,Verona,,045 8402682,329 8212425,1620030237,MARCOLONGO G. & C. s.n.c. - Verona,WH - MARCOLONGO G. & C. s.n.c. - Verona,35,MARCOLONGO G. & C. s.n.c.-35
42,10,153,R.T.A. snc di Viglino G. Allaria V. e Sottimano F,CAT-TPV-79271,79271,0,0,0,a,,R.T.A. snc di Ferruccio,rta,cso Piave 91b,,12051,Alba,,173282880,,,R.T.A. snc di Viglino G. Allaria V. e Sottimano F - Alba,WH - R.T.A. snc di Viglino G. Allaria V. e Sottimano F - Alba,36,R.T.A. snc di Viglino G. Allaria V. e Sottimano F-36
43,10,207,TELESERVICE di Valenti Cristiano,CAT-TPV-79302,79302,0,0,0,TELESERVICE,TELESERVICE DI VALENTI CRISTIANO,VALENTI,CRISTIANO,VIA DELL'ABETE 10,,47923,RIMINI,,541771302,3286769130,2419640400,TELESERVICE di Valenti Cristiano - RIMINI,WH - TELESERVICE di Valenti Cristiano - RIMINI,37,TELESERVICE di Valenti Cristiano-37
44,10,183,#N/A,#N/A,143,0,0,0,caa,napoli2 di antonio moscatelli,moscatelli,antonio,via san alfonso maria de liguori 30,,80144,napoli,,815991978,3473609117,7095401217,#N/A,#N/A,38,#N/A
45,10,198,G2 s.n.c. di Gherardi Roberto & C.,CAT-TPV-79216,79216,0,0,0,G2-s.n.c.,G2-s.n.c. di Innocenti Fabrizio & c.,Vannini,Fausto,via Luigi Russo 110/114,,51100,Pistoia,,573382563,3332651551,,G2 s.n.c. di Gherardi Roberto & C. - Pistoia,WH - G2 s.n.c. di Gherardi Roberto & C. - Pistoia,39,G2 s.n.c. di Gherardi Roberto & C.-39
46,10,180,S.T.A.R.T. s.a.s. di Bersani Fabrizio C.,CAT-TPV-79278,79278,0,0,0,START,,S.T.A.R.T. s.a.s. di Bersani F,Bersani Fabrizio,VIA JACOPINO DA TRADATE 13,,20155,MILANO,,239265777,3382009613,,S.T.A.R.T. s.a.s. di Bersani Fabrizio C. - MILANO,WH - S.T.A.R.T. s.a.s. di Bersani Fabrizio C. - MILANO,40,S.T.A.R.T. s.a.s. di Bersani Fabrizio C.-40
47,10,190,#N/A,#N/A,146,0,0,0,laboratorio,,A.T.C. PRO di Giuseppe Messina,MESSINA GIUSEPPE,Corso Calatafimi NÂ° 1033 interni 7/8,,90131,PALERMO ,,916681446,3389777052,,#N/A,#N/A,41,#N/A
48,10,183,ELETTRO SERVICE ITALIA SOCIETA' CONSORTILE AR,CAT-TPV-79181,79181,0,0,0,Quick service  Portici ,,Sasso Giuseppe ,ELETTRO SERVICE ITALIA ARL ,"Via Dalbono,18",,80055,San Marzano sul Sarno,,81275400,3470953345,,ELETTRO SERVICE ITALIA SOCIETA' CONSORTILE AR - San Marzano sul Sarno,WH - ELETTRO SERVICE ITALIA SOCIETA' CONSORTILE AR - San Marzano sul Sarno,42,ELETTRO SERVICE ITALIA SOCIETA' CONSORTILE AR-42
49,10,183,#N/A,#N/A,139,0,0,0,VIDEOTRONICS CASTELLAMMARE,,ELETTRO SERVICE ITALIA ARL,ESPOSITO PASQUALE,"Via Alcide de Gasperi, 249/b",,80053,Castellammare di Stabia,,818705752,,,#N/A,#N/A,43,#N/A
50,10,136,ARTE E TECNICA s.n.c.,CAT-TPV-79133,79133,0,0,0,SEDE FISCALE,ARTE E TECNICA SNC,ARTE E TECNICA s.n.c.,Mattiuzzo Stefano,VIA FALLETTI 22,,13900,BIELLA,,158496250,3472736434,1821270020,ARTE E TECNICA s.n.c. - BIELLA,WH - ARTE E TECNICA s.n.c. - BIELLA,44,ARTE E TECNICA s.n.c.-44
51,10,136,ARTE E TECNICA s.n.c.,CAT-TPV-79133,79133,0,0,0,UNITA' LOC. INGRESSO AL PUBBLICO,ARTE E TECNICA SNC,ARTE E TECNICA s.n.c.,Mattiuzzo Stefano,VIA MACCHIERALDO 9C,,13900,BIELLA,,,3472736434,1821270020,ARTE E TECNICA s.n.c. - BIELLA,WH - ARTE E TECNICA s.n.c. - BIELLA,45,ARTE E TECNICA s.n.c.-45
52,10,208,ENEA ELETTRONICA s.r.l.,CAT-TPV-79202,79202,0,0,0,indirizzo 1,ENEA ELETTRONICA s.r.l.,Patrizi,Enrico ,Via Bellegra 25 ,,171,Roma,orario: lun-ven 9-12.30  15-18,62575884,3394676751,10302171003,ENEA ELETTRONICA s.r.l. - Roma,WH - ENEA ELETTRONICA s.r.l. - Roma,46,ENEA ELETTRONICA s.r.l.-46
53,10,156,TELSAT di Peggio Ivano & C. s.n.c.,CAT-TPV-79309,79309,0,0,0,TELSAT FERRARA,TELSAT DI PEGGIO I. & C. SNC,TELSAT di Peggio Ivano & C. s.,Peggio Ivano,VIA TOSCANINI 45,,44124,FERRARA,,532975221,3491934055,1306920388,TELSAT di Peggio Ivano & C. s.n.c. - FERRARA,WH - TELSAT di Peggio Ivano & C. s.n.c. - FERRARA,47,TELSAT di Peggio Ivano & C. s.n.c.-47
54,10,205,TELSAT di Peggio Ivano & C. s.n.c.,CAT-TPV-79309,79309,0,0,0,TELSAT REGGIOEMILIA,TELSAT DI PEGGIO IVANO & C. SNC,TELSAT di Peggio Ivano & C. s.,Peggio Ivano,VIA E. PETROLINI 12F,,42100,REGGIOEMILIA,,522552660,,1306920388,TELSAT di Peggio Ivano & C. s.n.c. - REGGIOEMILIA,WH - TELSAT di Peggio Ivano & C. s.n.c. - REGGIOEMILIA,48,TELSAT di Peggio Ivano & C. s.n.c.-48
55,10,123,SERVICE AUDIO VIDEO di Rizzuto Giuseppe,CAT-TPV-79286,79286,0,0,0,pierpaolo,,SERVICE AUDIO VIDEO,Rizzuto Giuseppe,via s. carnevale 27,,92019,sciacca,,,3478002779,,SERVICE AUDIO VIDEO di Rizzuto Giuseppe - sciacca,WH - SERVICE AUDIO VIDEO di Rizzuto Giuseppe - sciacca,49,SERVICE AUDIO VIDEO di Rizzuto Giuseppe-49
56,10,208,GROMAT ELETTRONICA snc di GROSSI & MATTIUCCI,CAT-TPV-79224,79224,0,0,0,gromat elettronica,,GROMAT ELETTRONICA snc di GROS,Mattiucci Sandro,madonna del riposo 81,,165,ROMA,,65693610,3292703604,,GROMAT ELETTRONICA snc di GROSSI & MATTIUCCI - ROMA,WH - GROMAT ELETTRONICA snc di GROSSI & MATTIUCCI - ROMA,50,GROMAT ELETTRONICA snc di GROSSI & MATTIUCCI-50
57,10,193,ELETTRONICA MGM CENTRO ASS. AUDIO VIDEO,CAT-TPV-79190,79190,0,0,0,MASSIMO,,ELETTRONICA MGM CENTRO ASS. AU,Marcantonini Massimo,"VIA PIETRO SORIANO,55",,6132,PERUGIA,,755270548,3473144453,,ELETTRONICA MGM CENTRO ASS. AUDIO VIDEO - PERUGIA,WH - ELETTRONICA MGM CENTRO ASS. AUDIO VIDEO - PERUGIA,51,ELETTRONICA MGM CENTRO ASS. AUDIO VIDEO-51
58,10,193,ELETTRONICA MGM CENTRO ASS. AUDIO VIDEO,CAT-TPV-79190,79190,0,0,0,ELETTRONICA MGM,,ELETTRONICA MGM CENTRO ASS. AU,ELETTRONICA MGM SNC,"VIA PIETRO SORIANO,55",,6132,PERUGIA,,755270548,3473144453,,ELETTRONICA MGM CENTRO ASS. AUDIO VIDEO - PERUGIA,WH - ELETTRONICA MGM CENTRO ASS. AUDIO VIDEO - PERUGIA,52,ELETTRONICA MGM CENTRO ASS. AUDIO VIDEO-52
59,10,169,TECNI.COO SOCIETA' COOPERATIVA,CAT-TPV-79293,79293,0,0,0,TECNI.COO SOC.COOP.,TECNI.COO SOC.COOP.,SPEDICATI,ALBERTO,"VIA GIUSEPPE VERDI, 37",,73020,CASTROMEDIANO DI CAVALLINO,"ORARIO APERTURA: 09,00-13,00 / 14,30-18,30               SABATO CHIUSO",832348998,3278658666,4446540751,TECNI.COO SOCIETA' COOPERATIVA - CASTROMEDIANO DI CAVALLINO,WH - TECNI.COO SOCIETA' COOPERATIVA - CASTROMEDIANO DI CAVALLINO,53,TECNI.COO SOCIETA' COOPERATIVA-53
60,10,137,MA.BO. di A. Chirato e M. Cicala s.n.c.,CAT-TPV-79246,79246,0,0,0,Ma.Bo snc,Ma.Bo snc,MA.BO. di A. Chirato e M. Cicala,Michele Cicala,Via Enrico Mattei  84/22,Via Enrico Mattei  84/22,40138,Bologna,,51538543,3386047516,3022040376,MA.BO. di A. Chirato e M. Cicala s.n.c. - Bologna,WH - MA.BO. di A. Chirato e M. Cicala s.n.c. - Bologna,54,MA.BO. di A. Chirato e M. Cicala s.n.c.-54
61,10,159,#N/A,#N/A,135,0,0,0,via srgio tavernari 47,crociani angelo,crociani,angelo,via ravegnana 370,,47100,forli',,543722249,543722249,,#N/A,#N/A,55,#N/A
62,10,162,LABORATORIO RD TV di Clagnan,CAT-TPV-79331,79331,0,0,0,LABORATORIO CLAGNAN,LABORATORIO RADIO TELEVISIONE DI CLAGNAN LUCIO,CLAGNAN,LUCIO,"SALITA ALLA ROCCA,  3",,34074,MONFALCONE,"ORARIO 08.30 ALLE 12.30
                 15.30  ALLE 19.00",481798823,3333170467,83060319,LABORATORIO RD TV di Clagnan - MONFALCONE,WH - LABORATORIO RD TV di Clagnan - MONFALCONE,56,LABORATORIO RD TV di Clagnan-56
63,10,183,ELETTRO SERVICE ITALIA SOCIETA' CONSORTILE AR,CAT-TPV-79181,79181,0,0,0,Videotronics Castellammare  ,,Esposito Pasquale ,ELETTRO SERVICE ITALIA ARL,"Corso Alcide de Gaspari , 249/B",,80053,Castellammare di Stabia ,,818705752,3473794985,,ELETTRO SERVICE ITALIA SOCIETA' CONSORTILE AR - Castellammare di Stabia ,WH - ELETTRO SERVICE ITALIA SOCIETA' CONSORTILE AR - Castellammare di Stabia ,57,ELETTRO SERVICE ITALIA SOCIETA' CONSORTILE AR-57
64,10,130,ELETTRO SERVICE ITALIA SOCIETA' CONSORTILE AR,CAT-TPV-79181,79181,0,0,0,S.A.T.E.I. Avellino,,Baldi Antonio ,ELETTRO SERVICE ITALIA ARL,"Corso Umberto I ,272",,83100,Avellino ,,82574825,3477604485,,ELETTRO SERVICE ITALIA SOCIETA' CONSORTILE AR - Avellino ,WH - ELETTRO SERVICE ITALIA SOCIETA' CONSORTILE AR - Avellino ,58,ELETTRO SERVICE ITALIA SOCIETA' CONSORTILE AR-58
65,10,146,LT SERVICE SRL,CAT-TPV-79243,79243,0,0,0,gravina,,LT SERVICE SRL,Salvo Trombetta,"via napoli, 38/b",,95030,gravina di catania,,95395955,3478848248,,LT SERVICE SRL - gravina di catania,WH - LT SERVICE SRL - gravina di catania,59,LT SERVICE SRL-59
66,10,210,ELETTRO SERVICE ITALIA SOCIETA' CONSORTILE AR,CAT-TPV-79181,79181,0,0,0,Positano service San Marzano,,Positano Pasquale & C.,ELETTRO SERVICE ITALIA ARL,"Via Caporale Vitale ,27",,84010,San Marzano sul Sarno,,81956840,3478057232,,ELETTRO SERVICE ITALIA SOCIETA' CONSORTILE AR - San Marzano sul Sarno,WH - ELETTRO SERVICE ITALIA SOCIETA' CONSORTILE AR - San Marzano sul Sarno,60,ELETTRO SERVICE ITALIA SOCIETA' CONSORTILE AR-60
67,10,167,TOGNETTI SERVICE di Tognetti Massimiliano,CAT-TPV-79311,79311,0,0,0,teknema,,TOGNETTI snc di Tognetti M,Tognetti Massimiliano,via Lunigiana 589/587,,19124,LA SPEZIA,,187507656,3381863775,,TOGNETTI SERVICE di Tognetti Massimiliano - LA SPEZIA,WH - TOGNETTI SERVICE di Tognetti Massimiliano - LA SPEZIA,61,TOGNETTI SERVICE di Tognetti Massimiliano-61
68,10,183,ELETTRO SERVICE ITALIA SOCIETA' CONSORTILE AR,CAT-TPV-79181,79181,0,0,0,Quick service  Portici ,,Sasso Giuseppe ,ELETTRO SERVICE ITALIA ARL ,"Via Dalbono,18",,80055,Portici,,81275400,3470953345,,ELETTRO SERVICE ITALIA SOCIETA' CONSORTILE AR - Portici,WH - ELETTRO SERVICE ITALIA SOCIETA' CONSORTILE AR - Portici,62,ELETTRO SERVICE ITALIA SOCIETA' CONSORTILE AR-62
69,10,210,ELETTRO SERVICE ITALIA SOCIETA' CONSORTILE AR,CAT-TPV-79181,79181,0,0,0,ESISCARL ,,SocietÃ  consortile A R.L.,ELETTRO SERVICE ITALIA ,"Via Caporale Vitale ,27",,84010,San Marzano sul Sarno,,81275400,3470953345,,ELETTRO SERVICE ITALIA SOCIETA' CONSORTILE AR - San Marzano sul Sarno,WH - ELETTRO SERVICE ITALIA SOCIETA' CONSORTILE AR - San Marzano sul Sarno,63,ELETTRO SERVICE ITALIA SOCIETA' CONSORTILE AR-63
70,10,229,MARCOLONGO G. & C. s.n.c.,CAT-TPV-79248,79248,0,0,0,G.Franco,Marcolongo G.Franco & C. S.n.c.,Marcolongo,Gianfranco,"Via T. Campanella, 1",,37133,Verona,,045 8402682,329 8212425,1620030237,MARCOLONGO G. & C. s.n.c. - Verona,WH - MARCOLONGO G. & C. s.n.c. - Verona,64,MARCOLONGO G. & C. s.n.c.-64
71,10,189,PUNTO SERVICE s.r.l.,CAT-TPV-79267,79267,0,0,0,LABORATORIO,PUNTO SERVICE S.R.L.,ARTUSO,ELIO ,VIA MARCO POLO  NÂ°19/A CENTRO EUROPA,S.AGOSTINO DI ALBIGNASEGO,35020,ALBIGNASEGO,,498806539,,4216070286,PUNTO SERVICE s.r.l. - ALBIGNASEGO,WH - PUNTO SERVICE s.r.l. - ALBIGNASEGO,65,PUNTO SERVICE s.r.l.-65
72,10,210,C.E.M. SERVICE s.r.l.,CAT-TPV-79158,79158,0,0,0,SEDE,,C.E.M. SERVICE s.r.l,C.E.M. SERVICE s.r.l,"VIA GIULIO PASTORE,40",,84131,SALERNO,,089 722900,3476710440,,C.E.M. SERVICE s.r.l. - SALERNO,WH - C.E.M. SERVICE s.r.l. - SALERNO,66,C.E.M. SERVICE s.r.l.-66
73,10,183,VIDEO DIGITAL s.n.c. di Venzo Giovanni & C.,CAT-TPV-79319,79319,0,0,0,assistenza TPVision,Videodigital snc di Venzo Giovanni & c.,venzo,giovanni,via a.pio 78-78/a,,80126,napoli,"orari di apertura 9.00/13.00  15.30/19.00
sabato chiuso",817283331,3486534993,5238440639,VIDEO DIGITAL s.n.c. di Venzo Giovanni & C. - napoli,WH - VIDEO DIGITAL s.n.c. di Venzo Giovanni & C. - napoli,67,VIDEO DIGITAL s.n.c. di Venzo Giovanni & C.-67
74,10,163,M2 ELETTRONICA di Morelli Massimo,CAT-TPV-79244,79244,0,0,0,m2elettronica,M2elettronica,Morelli,Massimo,via Danimarca 9a,,58100,Grosseto,,0564-454571,0564-454571,,M2 ELETTRONICA di Morelli Massimo - Grosseto,WH - M2 ELETTRONICA di Morelli Massimo - Grosseto,68,M2 ELETTRONICA di Morelli Massimo-68
75,10,174,MULTISAT SNC di Latini Fabrizio & C.,CAT-TPV-79259,79259,0,0,0,sede,,MULTISAT SNC di Latini Fabrizi,Latini Fabrizio,Via Roma 79/B,,62100,Macerata,,733231304,3356062746,,MULTISAT SNC di Latini Fabrizio & C. - Macerata,WH - MULTISAT SNC di Latini Fabrizio & C. - Macerata,69,MULTISAT SNC di Latini Fabrizio & C.-69
77,10,190,"SAT SERVICE s.n.c.  Russo , Saverio , Tarantino Vi",CAT-TPV-79282,79282,0,0,0,RUSSO,SOCIETA',SAT SERVICE s.n.c.,Russo Saverio,"VIA DAMIANI ALMEYDA,3D","VIA DAMIANI ALMEYDA,3D",90141,PALERMO,,91343561,,6093860820,"SAT SERVICE s.n.c.  Russo , Saverio , Tarantino Vi - PALERMO","WH - SAT SERVICE s.n.c.  Russo , Saverio , Tarantino Vi - PALERMO",70,"SAT SERVICE s.n.c.  Russo , Saverio , Tarantino Vi-70"
78,10,232,MARTINI SERVICE s.n.c. di Martini Paolo e Luisa,CAT-TPV-79253,79253,0,0,0,MARTINI SERVICE,,MARTINI SERVICE s.n.c. di Mart,Martini Luisa,VIA AUGUSTO GARGANA  NRÂ°29,,1100,VITERBO,PARTITA IVA 00104120563,761305827,3383460963,,MARTINI SERVICE s.n.c. di Martini Paolo e Luisa - VITERBO,WH - MARTINI SERVICE s.n.c. di Martini Paolo e Luisa - VITERBO,71,MARTINI SERVICE s.n.c. di Martini Paolo e Luisa-71
79,10,201,VIDEO SERVICE di Chiti Patrizia,CAT-TPV-79323,79323,0,0,0,3493292891,VIDEO SERVICE,VIDEO SERVICE di Chiti Patrizia,Patrizia Chiti,VIA GASPARO GOZZI 5B,,59100,PRATO,,574442952,3493292891,2069590970,VIDEO SERVICE di Chiti Patrizia - PRATO,WH - VIDEO SERVICE di Chiti Patrizia - PRATO,72,VIDEO SERVICE di Chiti Patrizia-72
80,10,173,S.V.A. s.n.c. di Federighi Lencioni Paoli,CAT-TPV-79280,79280,0,0,0,S.v.a.,,S.V.A. s.n.c. di Federighi Len,Lencioni,Via Montanara 21 - 27,,55100,Lucca,,583494898,3384586388,,S.V.A. s.n.c. di Federighi Lencioni Paoli - Lucca,WH - S.V.A. s.n.c. di Federighi Lencioni Paoli - Lucca,73,S.V.A. s.n.c. di Federighi Lencioni Paoli-73
81,10,208,GROMAT ELETTRONICA snc di GROSSI & MATTIUCCI,CAT-TPV-79224,79224,0,0,0,TECHNOLOGY ,,GROMAT ELETTRONICA snc di GROS,Mattiucci Sandro,via corrado del greco 24,,121,roma,,65693610,3292703604,,GROMAT ELETTRONICA snc di GROSSI & MATTIUCCI - roma,WH - GROMAT ELETTRONICA snc di GROSSI & MATTIUCCI - roma,74,GROMAT ELETTRONICA snc di GROSSI & MATTIUCCI-74
82,10,213,VIDEOSERVICE di Genuardi,CAT-TPV-79325,79325,0,0,0,info@videoservicesiena.it,VIDEOSERVICE DI GENUARDI,GENUARDI,Genuardi mario,"VIA SARDEGNA,2",,53036,SIENA,,577983181,3208777480,984570523,VIDEOSERVICE di Genuardi - SIENA,WH - VIDEOSERVICE di Genuardi - SIENA,75,VIDEOSERVICE di Genuardi-75
83,10,135,TECNOSERVICE s.n.c. di Salmaso G. e Frigeni G.,CAT-TPV-79296,79296,0,0,0,SEDE,TECNOSERVICE s.n.c. di Salmaso G. e Frigeni G.,TECNOSERVICE s.n.c. di Salmaso,Salmaso Giovanni,"NADI, 3",,24124,BERGAMO,,35257066,,1896730163,TECNOSERVICE s.n.c. di Salmaso G. e Frigeni G. - BERGAMO,WH - TECNOSERVICE s.n.c. di Salmaso G. e Frigeni G. - BERGAMO,76,TECNOSERVICE s.n.c. di Salmaso G. e Frigeni G.-76
84,10,138,ELEKTRO REICHHALTER Srl,CAT-TPV-79335,79335,0,0,0,Reichhalter,Elektro Reichhalter SRL,ELEKTRO REICHHALTER Srl,Reichalter Karl,Via Vittorio Veneto 55,,39042,Bressanone,,472975200,472975200,2738230214,ELEKTRO REICHHALTER Srl - Bressanone,WH - ELEKTRO REICHHALTER Srl - Bressanone,77,ELEKTRO REICHHALTER Srl-77
85,139,0,#N/A,#N/A,156,0,0,0,Hamrun,Doneo Co. Ltd.,Doneo,Antoinette,34/36 Danny Cremona Street,,HMR1514,Hamrun,,35621230741,35679380036,MT10248934,#N/A,#N/A,78,#N/A
87,10,219,RIZZO C. di Rizzo Marco,CAT-TPV-79275,79275,0,0,0,RIZZO MARCO,RIZZO C. di Rizzo Marco,RIZZO ,MARCO,Via Matilde Serao 22,,10141,TORINO,,113822123,3385812224,9836170010,RIZZO C. di Rizzo Marco - TORINO,WH - RIZZO C. di Rizzo Marco - TORINO,79,RIZZO C. di Rizzo Marco-79
88,10,194,C.A.T. s.n.c. di Schiaratura Carlo & C.,CAT-TPV-79156,79156,0,0,0,LABORATORIO,,C.A.T. s.n.c. di Schiaratura C,Schiaratura Carlo,VIA BORGHERIA 20-20/1,,61122,PESARO,,721456245,3391258171,,C.A.T. s.n.c. di Schiaratura Carlo & C. - PESARO,WH - C.A.T. s.n.c. di Schiaratura Carlo & C. - PESARO,80,C.A.T. s.n.c. di Schiaratura Carlo & C.-80
89,10,228,A.V.S. di Bobbola Natale,CAT-TPV-79125,79125,0,0,0,Laboratorio,,A.V.S. di Bobbola Natale,unknown,"Corso Alessandro Salamano, 38",,13100,Vercelli,,0161 501378,3484116953,,A.V.S. di Bobbola Natale - Vercelli,WH - A.V.S. di Bobbola Natale - Vercelli,81,A.V.S. di Bobbola Natale-81
90,9,0,#N/A,#N/A,154,0,0,0,ASTRA SERVICE SA,ASTRA SERVICE SA,ASTRA SERVICE Sa,Armatas George,MARINOY ANTYPA 88,NEO IRAKLION,14121,IRAKLION ATTIKIS ,,30210686000,6944943092,,#N/A,#N/A,82,#N/A
91,10,231,VENETA ASSISTENZE s.r.l.,CAT-TPV-79318,79318,0,0,0,zona cÃ  sette,,VENETA ASSISTENZE s.r.l.,STEFANO,via motton 73,,36061,bassano del grappa,,424512286,3391039418,,VENETA ASSISTENZE s.r.l. - bassano del grappa,WH - VENETA ASSISTENZE s.r.l. - bassano del grappa,83,VENETA ASSISTENZE s.r.l.-83
92,10,147,ELETTRONICA SERVICE di Mungo Davide,CAT-TPV-79199,79199,0,0,0,Elettronica Service CZ,ELETTRONICA SERVICE di Mungo Davide F.,Mungo,Davide Francesco,"Via Vinicio Cortese, 23",,88100,CATANZARO,,961744729,,10436551005,ELETTRONICA SERVICE di Mungo Davide - CATANZARO,WH - ELETTRONICA SERVICE di Mungo Davide - CATANZARO,84,ELETTRONICA SERVICE di Mungo Davide-84
93,10,208,ELETTRONICA G.M.C. s.r.l.,CAT-TPV-79185,79185,0,0,0,SEDE,ELETTRONICA G.M.C. Srl,ELETTRONICA G.M.C. s.r.l.,Cantalini Patrizio,VIA AURELIA 378,,165,ROMA,,66636508,3939043824,1044551008,ELETTRONICA G.M.C. s.r.l. - ROMA,WH - ELETTRONICA G.M.C. s.r.l. - ROMA,85,ELETTRONICA G.M.C. s.r.l.-85
94,10,203,ER.CA s.r.l.,CAT-TPV-79204,79204,0,0,0,Jan-13,ER.CA. S.R.L.,Ercolani,Andrea,VIA LUIGI ANTONELLI NÂ°13/17,,48123,RAVENNA,,544500937,3703102113,2109740395,ER.CA s.r.l. - RAVENNA,WH - ER.CA s.r.l. - RAVENNA,86,ER.CA s.r.l.-86
95,139,0,#N/A,#N/A,156,0,0,0,Birkirkara Workshop,ESCL - Doneo Co Ltd.,Azzopardi,Dominic,Electronics Services,"76, E.B.Vella Street",BKR1572,Birkirkara,,35699834098,35699834098,MT10248934,#N/A,#N/A,87,#N/A
96,10,206,CAMPOGIANI MAURIZIO,CAT-TPV-79162,79162,0,0,0,Primo Indirizzo,Ditta Campogiani Maurizio,CAMPOGIANI MAURIZIO,Campogiani Maurizio,Via Cavour 21,,2100,Rieti,,746482876,3358360259,684780570,CAMPOGIANI MAURIZIO - Rieti,WH - CAMPOGIANI MAURIZIO - Rieti,88,CAMPOGIANI MAURIZIO-88
97,10,179,B.S.R. ELETTRONICA di Foti Antonino,CAT-TPV-79149,79149,0,0,0,SABAIA@TIN.IT,bsr elettronica,BAIA,SALVATORE,VIA CANOVA 24/30,ASSS,98121,MESSINA,,90364149,3356650006,185730835,B.S.R. ELETTRONICA di Foti Antonino - MESSINA,WH - B.S.R. ELETTRONICA di Foti Antonino - MESSINA,89,B.S.R. ELETTRONICA di Foti Antonino-89
98,76,0,#N/A,#N/A,103843,0,0,0,CTC HOUSE ,IDEEA DISTRIBUTION OF APPLIANCES,IDEEA DISTRIBUTION OF APPLIANCES,Iordanis Iordanous,LIMASSOL AVENUE 200 NICOSIA,,0,NICOSIA,,22740418,99482571,10148307 I,#N/A,#N/A,90,#N/A
99,10,180,#N/A,#N/A,5,0,0,0,SEDE CESATE,CAT,cat,cat,VIA DANTE 110,,20020,CESATE,,,123456789,,#N/A,#N/A,91,#N/A
100,10,185,GHODDY SERVICE CENTER,CAT-TPV-79223,79223,0,0,0,GHO01,,GHODDY SERVICE CENTER,Goddi Gianfranco,Zona Ind.le Prato Sardo - Via E.Magnani 40,,8100,Nuoro,,,3489020373,,GHODDY SERVICE CENTER - Nuoro,WH - GHODDY SERVICE CENTER - Nuoro,92,GHODDY SERVICE CENTER-92
101,10,139,TELEAUDIO RIPARAZIONI s.r.l.,CAT-TPV-79300,79300,0,0,0,Indirizzo 1,TELEAUDIO RIPARAZIONI s.r.l.,TELEAUDIO RIPARAZIONI s.r.l.,Tabaglio nicoletta,"Via Ardeatine 26,  ",,25124,Brescia,,30349888,30349888,2813160989,TELEAUDIO RIPARAZIONI s.r.l. - Brescia,WH - TELEAUDIO RIPARAZIONI s.r.l. - Brescia,93,TELEAUDIO RIPARAZIONI s.r.l.-93
102,10,168,ELETTRONICA APRILIA di D'Arienzo Antonio & C. snc,CAT-TPV-79183,79183,0,0,0,sede,ELETTRONICA APRILIA di D'arienzo Antonio e C.,Napoli,Maurizio,Viale Europa 4,,4011,Aprilia,,69258755,3356079662,2185270598,ELETTRONICA APRILIA di D'Arienzo Antonio & C. snc - Aprilia,WH - ELETTRONICA APRILIA di D'Arienzo Antonio & C. snc - Aprilia,94,ELETTRONICA APRILIA di D'Arienzo Antonio & C. snc-94
103,10,225,VARESE SERVICE di Bosio Danilo e Serra Massimo snc,CAT-TPV-79317,79317,0,0,0,Aemmeci,C/O AEMMECI,VARESE SERVICE SNC,Serra Massimo,Corso Sempione 17,,21013,Gallarate,,0332 330550,,,VARESE SERVICE di Bosio Danilo e Serra Massimo snc - Gallarate,WH - VARESE SERVICE di Bosio Danilo e Serra Massimo snc - Gallarate,95,VARESE SERVICE di Bosio Danilo e Serra Massimo snc-95
104,10,197,"C.A.T. di Guerrazzi, Brogi e Croci s.n.c.",CAT-TPV-79154,79154,0,0,0,CAT,C.A.T. di Guerrazzi Brogi e Croci s.n.c.,C.A.T. di Guerrazzi Brogi,C.A.T. di Guerrazzi Brogi,"Via Toscoromagnola 172,174",,56025,Pontedera,,58759334,3208920749,1182550507,"C.A.T. di Guerrazzi, Brogi e Croci s.n.c. - Pontedera","WH - C.A.T. di Guerrazzi, Brogi e Croci s.n.c. - Pontedera",96,"C.A.T. di Guerrazzi, Brogi e Croci s.n.c.-96"
105,10,210,TECNO M di Pierri A.,CAT-TPV-79294,79294,0,0,0,luogo di consegna,,TECNO M di Pierri A.,Pierri alessandro,via G.Matteotti 261,,84036,Sala Consilina,,97522436,368278648,,TECNO M di Pierri A. - Sala Consilina,WH - TECNO M di Pierri A. - Sala Consilina,97,TECNO M di Pierri A.-97
106,10,123,VIDEOTECNICA s.a.s. di Rotulo Giampiero & C.,CAT-TPV-79326,79326,0,0,0,Videotecnica,VIDEOTECNICA s.a.s. di Rotulo Giampiero & C.,Rotulo,Giampiero,"Via Petrarca, 6",,92100,Agrigento,,92225183,3299120425,1801460849,VIDEOTECNICA s.a.s. di Rotulo Giampiero & C. - Agrigento,WH - VIDEOTECNICA s.a.s. di Rotulo Giampiero & C. - Agrigento,98,VIDEOTECNICA s.a.s. di Rotulo Giampiero & C.-98
107,10,192,PERCHE' BUTTARE DI SOFFRITTI DAVIDE,CAT-TPV-79261,79261,0,0,0,PERCHE BUTTARE,PERCHE BUTTARE?!,PERCHE' BUTTARE DI SOFFRITTI D,Soffritti Davide,VIA PERTINI 8,,27049,STRADELLA,,,3349130338,,PERCHE' BUTTARE DI SOFFRITTI DAVIDE - STRADELLA,WH - PERCHE' BUTTARE DI SOFFRITTI DAVIDE - STRADELLA,99,PERCHE' BUTTARE DI SOFFRITTI DAVIDE-99
108,10,153,#N/A,#N/A,142,0,0,0,Ditta,E.P. snc di Ercole G. e Parola G.P.,Ercole,Guido,"via Castellani,  7",,12100,CUNEO,,171696093,3497658793,1966960047,#N/A,#N/A,100,#N/A
109,10,227,FOPPIANO FULVIO,CAT-TPV-79212,79212,0,0,0,indirizzo,,FOPPIANO FULVIO,unknown,via S.anna 42,,28881,casale corte cerro,,323642653,323642653,,FOPPIANO FULVIO - casale corte cerro,WH - FOPPIANO FULVIO - casale corte cerro,101,FOPPIANO FULVIO-101
110,10,200,TVC SERVICE di Sacino Donato,CAT-TPV-79315,79315,0,0,0,Ord.n1 del 10/06/2013,,TVC SERVICE di Sacino Donato,Sacino donato,"VIA LUCCA, 45",,85025,MELFI,,97224037,3398178353,,TVC SERVICE di Sacino Donato - MELFI,WH - TVC SERVICE di Sacino Donato - MELFI,102,TVC SERVICE di Sacino Donato-102
111,10,160,EUROSERVICE s.n.c.,CAT-TPV-79208,79208,0,0,0,EUROSERVICE,EUROSERVICE S.N.C.,NICOLO',Luca,Viale Madrid 48,,3100,FROSINONE,,775823011,3299322190,2101330609,EUROSERVICE s.n.c. - FROSINONE,WH - EUROSERVICE s.n.c. - FROSINONE,103,EUROSERVICE s.n.c.-103
112,10,189,AUDIO VIDEO SERVICE s.n.c.,CAT-TPV-79143,79143,0,0,0,FAGGIN GIANFRANCO,,AUDIO VIDEO SERVICE s.n.c.,Faggin gianfranco,V  ANGELO SECCHI 1,,35136,PADOVA,,498714894,3484030382,,AUDIO VIDEO SERVICE s.n.c. - PADOVA,WH - AUDIO VIDEO SERVICE s.n.c. - PADOVA,104,AUDIO VIDEO SERVICE s.n.c.-104
113,10,218,S.A.T. di Urbani Silvia e Pelliccia Giancarlo snc,CAT-TPV-79276,79276,0,0,0,S.A.T. snc,S.A.T. snc,e Pelliccia Giancarlo snc,S.A.T. di Urbani Silvia,VIA ANGELO COSTANZI 16/18,,5018,ORVIETO,,,348.2476262,,S.A.T. di Urbani Silvia e Pelliccia Giancarlo snc - ORVIETO,WH - S.A.T. di Urbani Silvia e Pelliccia Giancarlo snc - ORVIETO,105,S.A.T. di Urbani Silvia e Pelliccia Giancarlo snc-105
114,10,150,#N/A,#N/A,64,0,0,0,service.tvc@tiscali.it,,SERVICE TVC VIDEO HIFI,Noce Antonio,via pietro mascagni  n.13,,87036,RENDE,,984402289,3389881381,,#N/A,#N/A,106,#N/A
115,10,210,DELLA PEPA GIUSEPPE,CAT-TPV-79172,79172,0,0,0,INDIRIZZO DI AGROPOLI,DELLA PEPA GIUSEPPE,DELLA PEPA GIUSEPPE,Della Pepa Giuseppe,"VIA PIO X, 184",,84043,AGROPOLI,,974824784,,634300651,DELLA PEPA GIUSEPPE - AGROPOLI,WH - DELLA PEPA GIUSEPPE - AGROPOLI,107,DELLA PEPA GIUSEPPE-107
116,10,138,TECNOSERVICE SRL,CAT-TPV-79329,79329,0,0,0,TECNOSERVICE,,TECNOSERVICE SRL,Andreas unterhofer,VIA SAN VIGILIO 64 A-D,,39100,BOLZANO,,,471289062,,TECNOSERVICE SRL - BOLZANO,WH - TECNOSERVICE SRL - BOLZANO,108,TECNOSERVICE SRL-108
117,10,226,TELEVIDEO s.n.c.,CAT-TPV-79307,79307,0,0,0,INDIRIZZO SPEDIZIONE,,TELEVIDEO s.n.c.,Ardu Nicola,VIA P. ARDUINO 1/D,,30175,MARGHERA,,41922200,,,TELEVIDEO s.n.c. - MARGHERA,WH - TELEVIDEO s.n.c. - MARGHERA,109,TELEVIDEO s.n.c.-109
118,10,216,VIDEO PROFESSIONAL SERVICE s.r.l.,CAT-TPV-79321,79321,0,0,0,ordini tpvision,,SERVICE s.r.l,VIDEO PROFESSIONAL ,Via Emilia 57/d,,74121,Taranto,,,3356487876,,VIDEO PROFESSIONAL SERVICE s.r.l. - Taranto,WH - VIDEO PROFESSIONAL SERVICE s.r.l. - Taranto,110,VIDEO PROFESSIONAL SERVICE s.r.l.-110
119,10,151,TECNOVIDEO di Penotti Palmiro & C. s.n.c.,CAT-TPV-79298,79298,0,0,0,Tecnovideo,TECNOVIDEO di Penotti Palmiro & C. snc,Penotti,Palmiro,"Via Dante, 175",,26100,Cremona,,372322247,3471203712,1140410190,TECNOVIDEO di Penotti Palmiro & C. s.n.c. - Cremona,WH - TECNOVIDEO di Penotti Palmiro & C. s.n.c. - Cremona,111,TECNOVIDEO di Penotti Palmiro & C. s.n.c.-111
120,10,226,TELESERVICE s.n.c. di Galimberti & C.,CAT-TPV-79305,79305,0,0,0,Teleservice snc,,TELESERVICE s.n.c.,Galimberti & C.,Via Giovanni IIIÂ°   16,,30015,Chioggia,,41490278,,,TELESERVICE s.n.c. di Galimberti & C. - Chioggia,WH - TELESERVICE s.n.c. di Galimberti & C. - Chioggia,112,TELESERVICE s.n.c. di Galimberti & C.-112
121,10,226,TELESERVICE s.n.c. di Galimberti & C.,CAT-TPV-79305,79305,0,0,0,Teleservice ,,di Gallimberti & C,TELESERVICE s.n.c.,Via Giovanni IIIÂ°   16,,30015,Chioggia,,41490278,,,TELESERVICE s.n.c. di Galimberti & C. - Chioggia,WH - TELESERVICE s.n.c. di Galimberti & C. - Chioggia,113,TELESERVICE s.n.c. di Galimberti & C.-113
122,10,127,ELETTROSERVICE s.n.c.,CAT-TPV-79201,79201,0,0,0,Elettroservice S.n.c.,,ELETTROSERVICE s.n.c.,Marinella Casini,"vIA gIACOMO kONZ, 34/36",,52100,arezzo,,575900292,3890240812,,ELETTROSERVICE s.n.c. - arezzo,WH - ELETTROSERVICE s.n.c. - arezzo,114,ELETTROSERVICE s.n.c.-114
123,10,158,ELETTRONICA s.a.s.,CAT-TPV-79195,79195,0,0,0,elettronica sas,,ELETTRONICA s.a.s.,Scarpiello Antonio,"VIA M. DEL PRETE, 5",,71122,foggia,,881635419,881635419,,ELETTRONICA s.a.s. - foggia,WH - ELETTRONICA s.a.s. - foggia,115,ELETTRONICA s.a.s.-115
124,10,217,LAB.ARTIGIANO ELETTROVIDEO di Malatesta F. & C.snc,CAT-TPV-79237,79237,0,0,0,elettrovideo@interfree.it,LAB.ARTIGIANO ELETTROVIDEO di Makatesta F. & C. SNC,Ferdinando,Malatesta ,"Via Maestri del lavoro, 12/A",,64100,TERAMO,,861415610,3316784812,280020678,LAB.ARTIGIANO ELETTROVIDEO di Malatesta F. & C.snc - TERAMO,WH - LAB.ARTIGIANO ELETTROVIDEO di Malatesta F. & C.snc - TERAMO,116,LAB.ARTIGIANO ELETTROVIDEO di Malatesta F. & C.snc-116
125,10,211,FRANCO ENNAS s.r.l.,CAT-TPV-79214,79214,0,0,0,Franco Ennas-sassari,Franco Ennas srl,Ennas,Franco,Z.I. PREDDA NIEDDA NORD STR5 NÂ°68,,7100,SASSARI,,79260687,3473424336,1949340903,FRANCO ENNAS s.r.l. - SASSARI,WH - FRANCO ENNAS s.r.l. - SASSARI,117,FRANCO ENNAS s.r.l.-117
126,10,187,FRANCO ENNAS s.r.l.,CAT-TPV-79214,79214,0,0,0,Braccu-Olbia,Braccu Servizio Assistenza,Braccu,Servizio Assistenza,Via de Simone 9/11,,7026,Olbia,,78950114,3388999553,,FRANCO ENNAS s.r.l. - Olbia,WH - FRANCO ENNAS s.r.l. - Olbia,118,FRANCO ENNAS s.r.l.-118
127,10,218,ELETTRONICA PROFESSIONALE s.n.c.,CAT-TPV-79193,79193,0,0,0,INDIRIZZO 1,,ELETTRONICA PROFESSIONALE s.n.c.,Pacifici/Chiocci,VIA MASACCIO 6,,5100,TERNI,,744407302,,,ELETTRONICA PROFESSIONALE s.n.c. - TERNI,WH - ELETTRONICA PROFESSIONALE s.n.c. - TERNI,119,ELETTRONICA PROFESSIONALE s.n.c.-119
128,10,219,GUZZO SERVICE s.n.c.,CAT-TPV-79225,79225,0,0,0,SEDE,,GUZZO SERVICE s.n.c.,Guzzo,VIA SAGRA SAN MICHELE 19/A,,10139,TORINO,,114476890,3482683107,,GUZZO SERVICE s.n.c. - TORINO,WH - GUZZO SERVICE s.n.c. - TORINO,120,GUZZO SERVICE s.n.c.-120
129,10,222,MAZZARA VINCENZO,CAT-TPV-79255,79255,0,0,0,Audio Video Service Mazzara,Mazzara Vincenzo,MAZZARA VINCENZO,Mazzara Vincenzo,via Castellana 67/C,,31100,Treviso,,422402504,3490089166,419490263,MAZZARA VINCENZO - Treviso,WH - MAZZARA VINCENZO - Treviso,121,MAZZARA VINCENZO-121
130,10,152,#N/A,#N/A,84,0,0,0,LABORATORIO,MICROELETTRONICA DI SCIDA GIOVANNI,SCIDA,GIOVANNI,C.so MAZZINI 38,,88900,CROTONE,,96223532,3471176961,,#N/A,#N/A,122,#N/A
131,10,212,LABORATORIO DI ELETTRONICA di Merlo,CAT-TPV-79239,79239,0,0,0,SHOP,LABORATORIO DI ELETTRONICA DI MERLO M.,MERLO,MASSIMO,VIA XXV APRILE 18,,17031,ALBENGA,,182540271,3388571524,341280097,LABORATORIO DI ELETTRONICA di Merlo - ALBENGA,WH - LABORATORIO DI ELETTRONICA di Merlo - ALBENGA,123,LABORATORIO DI ELETTRONICA di Merlo-123
132,10,159,Lab. Lelli Odo e C. s.n.c.,CAT-TPV-79235,79235,0,0,0,SEDE,Lab. Lelli Odo e C. s.n.c.,Lelli,Odo,VIA CESENATICO N.5442,,47521,CESENA,,547311028,547311028,3552750402,Lab. Lelli Odo e C. s.n.c. - CESENA,WH - Lab. Lelli Odo e C. s.n.c. - CESENA,124,Lab. Lelli Odo e C. s.n.c.-124
133,10,168,ELETTRONICA MURARO s.r.l.,CAT-TPV-79191,79191,0,0,0,elettronicamurarosrl@tin.it,,ELETTRONICA MURARO s.r.l.,Muraro Sandro,MARCONI N.34,,4100,LATINA,,,773697960,,ELETTRONICA MURARO s.r.l. - LATINA,WH - ELETTRONICA MURARO s.r.l. - LATINA,125,ELETTRONICA MURARO s.r.l.-125
134,10,153,RABBIA V. e MELLANO M. s.n.c.,CAT-TPV-79272,79272,0,0,0,Laboratorio,Rabbia e Mellano snc,Rabbia,Valerio,"Viale Marconi,23",,12038,Savigliano,,17233588,17233588,,RABBIA V. e MELLANO M. s.n.c. - Savigliano,WH - RABBIA V. e MELLANO M. s.n.c. - Savigliano,126,RABBIA V. e MELLANO M. s.n.c.-126
135,10,139,TRECCANI ELIO,CAT-TPV-79313,79313,0,0,0,LABORATORIO,DITTA TRECCANI ELIO,TRECCANI ELIO,Treccani elio,"VIA MOLINI,71/D ZONA ARTIGIANALE",,25017,LONATO DEL GARDA,,030 9131318,335357299,,TRECCANI ELIO - LONATO DEL GARDA,WH - TRECCANI ELIO - LONATO DEL GARDA,127,TRECCANI ELIO-127
136,10,182,#N/A,#N/A,152,0,0,0,1,TPVision,Brioschi,Donato,"Via TORINO, 3/5",,20814,VAREDO,,3625845220,3355785210,752425096,#N/A,#N/A,128,#N/A
137,10,124,#N/A,#N/A,158,0,0,0,2361651651,,PROVA PROVA,TANIA,test,test,20135,test,,,33321515,,#N/A,#N/A,129,#N/A
138,10,141,CO.M. SARDEGNA s.c.a. r.l.,CAT-TPV-79167,79167,0,0,0,CO.M SARDEGNA CAGLIARI,CO.M SARDEGNA SCARL,CO.M. SARDEGNA s.c.a. r.l,CO.M. SARDEGNA s.c.a. r.l,"VIA MESSINA, 14",,9126,CAGLIARI,,,70343051,3021340926,CO.M. SARDEGNA s.c.a. r.l. - CAGLIARI,WH - CO.M. SARDEGNA s.c.a. r.l. - CAGLIARI,130,CO.M. SARDEGNA s.c.a. r.l.-130
139,10,195,AV CENTER s.r.l.,CAT-TPV-79145,79145,0,0,0,TEK1,,AV CENTER s.r.l.,Ivo di donato,Via Corradino D'ascanio 5/9,,65126,Pescara,,,3939688472,,AV CENTER s.r.l. - Pescara,WH - AV CENTER s.r.l. - Pescara,131,AV CENTER s.r.l.-131
140,10,188,CO.M. SARDEGNA s.c.a. r.l.,CAT-TPV-79167,79167,0,0,0,BASE ELETTRONICA- ORISTANO,CO.M SARDEGNA s.c.a.r.l - ORISTANO,CO.M. SARDEGNA s.c.a. r.l,CO.M. SARDEGNA s.c.a. r.l,"VIA G.CURRELI,7 ",,9170,ORISTANO,,783211670,783310049,,CO.M. SARDEGNA s.c.a. r.l. - ORISTANO,WH - CO.M. SARDEGNA s.c.a. r.l. - ORISTANO,132,CO.M. SARDEGNA s.c.a. r.l.-132
141,10,143,STUDIO HIFI s.n.c.,CAT-TPV-79289,79289,0,0,0,SANTUCCI,,STUDIO HIFI s.n.c.,Santucci Nicola,VIA SARDEGNA 29/31,,86100,CAMPOBASSO,,,3286179576,,STUDIO HIFI s.n.c. - CAMPOBASSO,WH - STUDIO HIFI s.n.c. - CAMPOBASSO,133,STUDIO HIFI s.n.c.-133
142,9,0,#N/A,#N/A,159,0,0,0,SERVICE ATHENS,Sound & Vision Co,Vasilis Lolosidis,SOUND & VISION Co,SINIOSOGLOU 5 & FILIKIS ETAIREIAS 8,,14234,ATHENS,,3.02103E+11,3.06945E+11,EL099786263,#N/A,#N/A,134,#N/A
143,9,0,#N/A,#N/A,159,0,0,0,SERVICE THESSALONIKI,SOUND & VISION CO.,Vasilis Lolosidis,SOUND & VISION Co,245 VASILLISIS OLGAS,,54655,THESSALONIKI,,3.0231E+11,3.06945E+11,EL099786263,#N/A,#N/A,135,#N/A
144,10,161,#N/A,#N/A,126,0,0,0,SAMPIERDARENA,,D.M. ELECTRONIC di Ravera & De,Dell'Aira,VIA ERIDANIA 13,,16151,GENOVA,,10416343,,,#N/A,#N/A,136,#N/A
145,10,164,PROTO & BARSI  s.n.c.,CAT-TPV-79265,79265,0,0,0,PROTO E BARSI SNC,,PROTO & BARSI  s.n.c.,Proto,Via Pietro Agosti    102,,18038,SANREMO  ,,184571449,3341832651,,PROTO & BARSI  s.n.c. - SANREMO  ,WH - PROTO & BARSI  s.n.c. - SANREMO  ,137,PROTO & BARSI  s.n.c.-137
146,10,225,VARESE SERVICE di Bosio Danilo e Serra Massimo snc,CAT-TPV-79317,79317,0,0,0,B.S. Elettronica,C/O B.S Elettronica sas,VARESE SERVICE SNC,Serra Massimo,via Enrico Fermi 23,,21047,Saronno,,0332 330550,,,VARESE SERVICE di Bosio Danilo e Serra Massimo snc - Saronno,WH - VARESE SERVICE di Bosio Danilo e Serra Massimo snc - Saronno,138,VARESE SERVICE di Bosio Danilo e Serra Massimo snc-138
147,10,175,#N/A,#N/A,103,0,0,0,D.M SERVICE,,D.M. SERVICE di Virgioli Mara,Mara Virgioli,Via L.C. Volta 5/a,,46100,mantova,,,376368111,,#N/A,#N/A,139,#N/A
148,10,161,#N/A,#N/A,79099,0,0,0,AVService,,A.V. SERVICE s.n.c. di Rossi G,Rossi GiosuÃ¨,Via Maddaloni 28R,,16129,Genova,,10582630,3391138551,,#N/A,#N/A,140,#N/A
149,10,163,H.I.R.E.S. di Castelli Gabriele,CAT-TPV-79227,79227,0,0,0,SEDE,,H.I.R.E.S. di Castelli Gabriele,Castelli Gabriele,VIA DELL'INDUSTRIA 137,,58022,FOLLONICA,,56657462,3358344950,,H.I.R.E.S. di Castelli Gabriele - FOLLONICA,WH - H.I.R.E.S. di Castelli Gabriele - FOLLONICA,141,H.I.R.E.S. di Castelli Gabriele-141
150,10,219,ATES ELETTRONICA s.r.l.,CAT-TPV-79141,79141,0,0,0,Ates,ATES ELETTRONICA s.r.l.,Bocchi,Luca,Via g. Lulli 28/b,,10148,Torino,,011 2266800,,6539040011,ATES ELETTRONICA s.r.l. - Torino,WH - ATES ELETTRONICA s.r.l. - Torino,142,ATES ELETTRONICA s.r.l.-142
151,10,144,CO.M. SARDEGNA s.c.a. r.l.,CAT-TPV-79167,79167,0,0,0,iglesias@comsardegna.it,CO.M. SARDEGNA s.c.a. r.l  IGLESIAS,CO.M. SARDEGNA s.c.a. r.l  ,CO.M. SARDEGNA s.c.a. r.l,VIA CREMONA 13,,9016,IGLESIAS,"ORARI DAPERTURA 

DALLE 9 ALLE 13

DALLE 15:30  ALLE 20

SABATO SOLO MATTINA",78122715,,,CO.M. SARDEGNA s.c.a. r.l. - IGLESIAS,WH - CO.M. SARDEGNA s.c.a. r.l. - IGLESIAS,143,CO.M. SARDEGNA s.c.a. r.l.-143
152,10,203,ER.CA s.r.l.,CAT-TPV-79204,79204,0,0,0,Feb-13,,ER.CA s.r.l.,Ercolani Andrea & Canali Daniele,VIA LUIGI ANTONELLI NÂ°13/17,,48123,RAVENNA,,,3703102113,,ER.CA s.r.l. - RAVENNA,WH - ER.CA s.r.l. - RAVENNA,144,ER.CA s.r.l.-144
153,10,170,#N/A,#N/A,107,0,0,0,SEDE,,di Ferrari Roberto & C.,FERRARI s.n.c. ,C.so Matteotti N.105,,23900,Lecco,,0341 493211,3351227852,2923840132,#N/A,#N/A,145,#N/A
154,10,168,ELETTRONICA MURARO s.r.l.,CAT-TPV-79191,79191,0,0,0,773697960,,ELETTRONICA MURARO s.r.l.,Muraro Sandro,MARCONI N.34,,4100,LATINA,,,3479188720,,ELETTRONICA MURARO s.r.l. - LATINA,WH - ELETTRONICA MURARO s.r.l. - LATINA,146,ELETTRONICA MURARO s.r.l.-146
155,10,157,E.S.A. srl,CAT-TPV-79177,79177,0,0,0,ORDINE RICAMBI TEKNEMA,E.S.A. srl,Vignoli ,Massimo,VIA LUNGO L'AFFRICO 96/A,,50137,FIRENZE,,,3926218505,6296110486,E.S.A. srl - FIRENZE,WH - E.S.A. srl - FIRENZE,147,E.S.A. srl-147
156,10,210,DELLA PEPA GIUSEPPE,CAT-TPV-79172,79172,0,0,0,ASSISTENZA,DELLA PEPA GIUSEPPE,DELLA PEPA GIUSEPPE,Della Pepa Giuseppe,"VIA PIO X, 184",,84043,AGROPOLI,,0974 824784,,0063430 065 1,DELLA PEPA GIUSEPPE - AGROPOLI,WH - DELLA PEPA GIUSEPPE - AGROPOLI,148,DELLA PEPA GIUSEPPE-148
157,10,210,C.E.M. SERVICE s.r.l.,CAT-TPV-79158,79158,0,0,0,SEDE,C.E.M. SERVICE SRL,C.E.M. SERVICE s.r.l,C.E.M. SERVICE s.r.l,"VIA GIULIO PASTORE,40",,84131,SALERNO,,089 722900,3476710440,4651650659,C.E.M. SERVICE s.r.l. - SALERNO,WH - C.E.M. SERVICE s.r.l. - SALERNO,149,C.E.M. SERVICE s.r.l.-149
158,10,163,M2 ELETTRONICA di Morelli Massimo,CAT-TPV-79244,79244,0,0,0,m2elettronica,M2elettronica,Massimo,Morelli,via danimarca 9a,,58100,grosseto,,0564-454571,,1191510534,M2 ELETTRONICA di Morelli Massimo - grosseto,WH - M2 ELETTRONICA di Morelli Massimo - grosseto,150,M2 ELETTRONICA di Morelli Massimo-150
159,10,202,ADAMO GIOVANNI,CAT-TPV-79127,79127,0,0,0,negozio,,ADAMO GIOVANNI,Giovanni Adamo,via galileo ferraris 18,,97100,ragusa,,932624553,3494248445,,ADAMO GIOVANNI - ragusa,WH - ADAMO GIOVANNI - ragusa,151,ADAMO GIOVANNI-151
160,10,211,FRANCO ENNAS s.r.l.,CAT-TPV-79214,79214,0,0,0,FRANCO ENNAS -SASSARI,FRANCO ENNAS SRL,FRANCO ENNAS s.r.l.,Ennas loredana,Z.I. PREDDA NIEDDA NORD STR 5 68,,7100,SASSARI,,,79260687,1949340903,FRANCO ENNAS s.r.l. - SASSARI,WH - FRANCO ENNAS s.r.l. - SASSARI,152,FRANCO ENNAS s.r.l.-152
161,10,219,ATES ELETTRONICA s.r.l.,CAT-TPV-79141,79141,0,0,0,ATES,ATES ELETTRONICA s.r.l.,BOCCHI,LUCA,VIA G. LULLI 28/B,,10148,TORINO,,011 2266800,,6539040011,ATES ELETTRONICA s.r.l. - TORINO,WH - ATES ELETTRONICA s.r.l. - TORINO,153,ATES ELETTRONICA s.r.l.-153
162,10,179,B.S.R. ELETTRONICA di Foti Antonino,CAT-TPV-79149,79149,0,0,0,BSR,bsr elettronica,FOTI,ANTONINO,VIA CANOVA 24/30,,98121,MESSINA,,90364149,,185730835,B.S.R. ELETTRONICA di Foti Antonino - MESSINA,WH - B.S.R. ELETTRONICA di Foti Antonino - MESSINA,154,B.S.R. ELETTRONICA di Foti Antonino-154
163,10,198,G2 s.n.c. di Gherardi Roberto & C.,CAT-TPV-79216,79216,0,0,0,G2-s.n.c.,G2-s.n.c. di Innocenti Fabrizio & c. ,Innocenti,Fabrizio,via Luigi Russo 110/114,,51100,Pistoia ,,573382563,3332651551,1808830473,G2 s.n.c. di Gherardi Roberto & C. - Pistoia ,WH - G2 s.n.c. di Gherardi Roberto & C. - Pistoia ,155,G2 s.n.c. di Gherardi Roberto & C.-155
164,10,217,LAB.ARTIGIANO ELETTROVIDEO di Malatesta F. & C.snc,CAT-TPV-79237,79237,0,0,0,elettrovideo@interfree.it,,LAB.ARTIGIANO ELETTROVIDEO di,Malatesta Massimo,"Via Maestri del lavoro, 12/A",,64100,TERAMO,,861415610,3316784812,,LAB.ARTIGIANO ELETTROVIDEO di Malatesta F. & C.snc - TERAMO,WH - LAB.ARTIGIANO ELETTROVIDEO di Malatesta F. & C.snc - TERAMO,156,LAB.ARTIGIANO ELETTROVIDEO di Malatesta F. & C.snc-156
165,10,127,ELETTROSERVICE s.n.c.,CAT-TPV-79201,79201,0,0,0,ELETTROSERVICE S.N.C.,eLETTROSERVICE s.N.C.,ELETTROSERVICE s.n.c.,Marinella Casini,"VIA G. KONZ, 34/36",,52100,AREZZO,,575900292,3890240816,,ELETTROSERVICE s.n.c. - AREZZO,WH - ELETTROSERVICE s.n.c. - AREZZO,157,ELETTROSERVICE s.n.c.-157
166,10,197,"C.A.T. di Guerrazzi, Brogi e Croci s.n.c.",CAT-TPV-79154,79154,0,0,0,Laboratorio,C.A.T. di Guerrazzi Brogi e Croci S.n.c.,C.A.T. di Guerrazzi Brogi,C.A.T. di Guerrazzi Brogi,"via Toscoromagnola 172,174",,56025,Pontedera,,58759334,3208920749,1182550507,"C.A.T. di Guerrazzi, Brogi e Croci s.n.c. - Pontedera","WH - C.A.T. di Guerrazzi, Brogi e Croci s.n.c. - Pontedera",158,"C.A.T. di Guerrazzi, Brogi e Croci s.n.c.-158"
167,10,158,ELETTRONICA s.a.s.,CAT-TPV-79195,79195,0,0,0,elettronica sas,,ELETTRONICA s.a.s.,Scarpiello Antonio,via m. del prete 5 ,,71122,foggia,,,881635419,,ELETTRONICA s.a.s. - foggia,WH - ELETTRONICA s.a.s. - foggia,159,ELETTRONICA s.a.s.-159
168,10,149,ELETTRONICA GMR snc di Russo Giulio e Marcello,CAT-TPV-79187,79187,0,0,0,INDIRIZZO NEGOZIO,,ELETTRONICA GMR snc di Russo G,Russo giulio,VIA TURATI 32,,22100,COMO,,31506175,,,ELETTRONICA GMR snc di Russo Giulio e Marcello - COMO,WH - ELETTRONICA GMR snc di Russo Giulio e Marcello - COMO,160,ELETTRONICA GMR snc di Russo Giulio e Marcello-160
169,10,226,TELEVIDEO s.n.c.,CAT-TPV-79307,79307,0,0,0,INDIRIZZO 1,TELEVIDEO SNC,TELEVIDEO s.n.c.,Ardu Nicola,VIA P. ARDUINO 1D,,30175,MARGHERA,,,41922200,,TELEVIDEO s.n.c. - MARGHERA,WH - TELEVIDEO s.n.c. - MARGHERA,161,TELEVIDEO s.n.c.-161
170,10,193,ELETTRONICA MGM CENTRO ASS. AUDIO VIDEO,CAT-TPV-79190,79190,0,0,0,mgm,,ELETTRONICA MGM CENTRO ASS. AU,ELETTRONICA MGM SNC,"VIA PIETRO SORIANO,55",,6132,PERUGIA,,,755270548,,ELETTRONICA MGM CENTRO ASS. AUDIO VIDEO - PERUGIA,WH - ELETTRONICA MGM CENTRO ASS. AUDIO VIDEO - PERUGIA,162,ELETTRONICA MGM CENTRO ASS. AUDIO VIDEO-162
171,10,168,KOSMO ELETTRONICA di Cosmo Contreras,CAT-TPV-79232,79232,0,0,0,Kosmo elettronica,,KOSMO ELETTRONICA di Cosmo Con,Contreras Cosmo,"via papa giovanni XXIII, 4",,4024,gaeta,,,771464649,,KOSMO ELETTRONICA di Cosmo Contreras - gaeta,WH - KOSMO ELETTRONICA di Cosmo Contreras - gaeta,163,KOSMO ELETTRONICA di Cosmo Contreras-163
172,10,222,MAZZARA VINCENZO,CAT-TPV-79255,79255,0,0,0,ord. 19 06 13,,MAZZARA VINCENZO,Mazzara Vincenzo,via Castellana 67/C,,31100,Treviso,,,3490089166,,MAZZARA VINCENZO - Treviso,WH - MAZZARA VINCENZO - Treviso,164,MAZZARA VINCENZO-164
173,10,212,LABORATORIO DI ELETTRONICA di Merlo,CAT-TPV-79239,79239,0,0,0,ACQUISTO,LABORATORIO DI ELETTRONICA MERLO M.,MERLO,MASSIMO,VIA XXV APRILE 18,,17031,ALBENGA,,182540271,3388571524,341280097,LABORATORIO DI ELETTRONICA di Merlo - ALBENGA,WH - LABORATORIO DI ELETTRONICA di Merlo - ALBENGA,165,LABORATORIO DI ELETTRONICA di Merlo-165
174,10,151,TECNOVIDEO di Penotti Palmiro & C. s.n.c.,CAT-TPV-79298,79298,0,0,0,Tecnovideo,TECNOVIDEO di Penotti Palmiro & C. snc,Penotti,Palmiro,"Via Dante, 175",,26100,Cremona,,372322247,3471203712,1140410190,TECNOVIDEO di Penotti Palmiro & C. s.n.c. - Cremona,WH - TECNOVIDEO di Penotti Palmiro & C. s.n.c. - Cremona,166,TECNOVIDEO di Penotti Palmiro & C. s.n.c.-166
175,10,181,B&B s.r.l.,CAT-TPV-79147,79147,0,0,0,LAVORO,B&B SRL,BORSARI,ROBERTO,VIA MALAVOLTI 47,VIA MALAVOLTI 47,41122,MODENA,,59254545,335337687,339600363,B&B s.r.l. - MODENA,WH - B&B s.r.l. - MODENA,167,B&B s.r.l.-167
176,10,136,ARTE E TECNICA s.n.c.,CAT-TPV-79133,79133,0,0,0,SEDE FISCALE,ARTE E TECNICA SNC,ARTE E TECNICA s.n.c.,Mattiuzzo stefano,VIA FALLETTI 22,,13900,BIELLA,,158496250,3472736434,1821270020,ARTE E TECNICA s.n.c. - BIELLA,WH - ARTE E TECNICA s.n.c. - BIELLA,168,ARTE E TECNICA s.n.c.-168
177,10,216,VIDEO PROFESSIONAL SERVICE s.r.l.,CAT-TPV-79321,79321,0,0,0,ORDINI TEKNEMA,,VIDEO PROFESSIONAL SERVICE s.r,Valdevies Adriana,VIA EMILIA 57/D,,74121,TARANTO,,,335 6487876,,VIDEO PROFESSIONAL SERVICE s.r.l. - TARANTO,WH - VIDEO PROFESSIONAL SERVICE s.r.l. - TARANTO,169,VIDEO PROFESSIONAL SERVICE s.r.l.-169
178,10,231,A.D.ELETTRONICA s.a.s.,CAT-TPV-79122,79122,0,0,0,A.D.elettronica sas,A.D.elettronica sas,Costantini, Alfonso,"via degli Alpini, 17",,36040,Torri di Quartesolo,,444582405,444582405,2936150248,A.D.ELETTRONICA s.a.s. - Torri di Quartesolo,WH - A.D.ELETTRONICA s.a.s. - Torri di Quartesolo,170,A.D.ELETTRONICA s.a.s.-170
179,10,229,MARCOLONGO G. & C. s.n.c.,CAT-TPV-79248,79248,0,0,0,Marcolongo S.n.c.,Marcolongo S.n.c.,MARCOLONGO G. & C. s.n.c.,Marcolongo Gianfranco,"via t. campanella, 1",,37133,verona,,045 8402682,,1620030237,MARCOLONGO G. & C. s.n.c. - verona,WH - MARCOLONGO G. & C. s.n.c. - verona,171,MARCOLONGO G. & C. s.n.c.-171
182,10,143,STUDIO HIFI s.n.c.,CAT-TPV-79289,79289,0,0,0,Santucci,,STUDIO HIFI s.n.c.,Santucci Nicola,Via Sardegna 29/31,,86100,Campobasso,,,3286179576,,STUDIO HIFI s.n.c. - Campobasso,WH - STUDIO HIFI s.n.c. - Campobasso,172,STUDIO HIFI s.n.c.-172
183,10,173,S.V.A. s.n.c. di Federighi Lencioni Paoli,CAT-TPV-79280,79280,0,0,0,SVA,S.V.A. SERVIZIO VIDEO AUDIO snc,LENCIONI,ALFREDO,VIA MONTANARA 21 - 27,,55100,Lucca,,,583494898,1314910462,S.V.A. s.n.c. di Federighi Lencioni Paoli - Lucca,WH - S.V.A. s.n.c. di Federighi Lencioni Paoli - Lucca,173,S.V.A. s.n.c. di Federighi Lencioni Paoli-173
184,10,174,MULTISAT SNC di Latini Fabrizio & C.,CAT-TPV-79259,79259,0,0,0,sede,,MULTISAT SNC di Latini Fabrizio,Latini Fabrizio,Via Roma 79/B,,62100,Macerata,,,3356062746,,MULTISAT SNC di Latini Fabrizio & C. - Macerata,WH - MULTISAT SNC di Latini Fabrizio & C. - Macerata,174,MULTISAT SNC di Latini Fabrizio & C.-174
185,10,123,SERVICE AUDIO VIDEO di Rizzuto Giuseppe,CAT-TPV-79286,79286,0,0,0,pierpaolo,,SERVICE AUDIO VIDEO,Rizzuto giuseppe,via s. carnevale 27,,92019,sciacca,,,3478002779,,SERVICE AUDIO VIDEO di Rizzuto Giuseppe - sciacca,WH - SERVICE AUDIO VIDEO di Rizzuto Giuseppe - sciacca,175,SERVICE AUDIO VIDEO di Rizzuto Giuseppe-175
186,9,0,#N/A,#N/A,159,0,0,0,SERVICE CHANIA,GLAMPEDAKIS,Vasilis Lolosidis,SOUND & VISION Co,KONSTANTINOUPOLEOS 70,,73136,CHANIA CRETE,,3.02821E+11,,,#N/A,#N/A,176,#N/A
187,9,0,#N/A,#N/A,159,0,0,0,SERVICE IRAKLEIO,NIHAS,Vasilis Lolosidis,SOUND & VISION Co,ANDREA PAPANDREOU 137,,71305,IRAKLEIO CRETE,,3.0281E+11,,,#N/A,#N/A,177,#N/A
188,9,0,#N/A,#N/A,159,0,0,0,SERVICE LASITHI,ARNAOUTAKIS,Vasilis Lolosidis,SOUND & VISION Co,KORYTSAS 25,,72100,AGIOS NIKOLAOS CRETE,,3.02841E+11,,,#N/A,#N/A,178,#N/A
189,9,0,#N/A,#N/A,159,0,0,0,SERVICE LIVADIA,KARAVASILIS,Vasilis Lolosidis,SOUND & VISION Co,FILONOS 17,,32100,LIVADIA VIOTIA,,,3.02261E+11,,#N/A,#N/A,179,#N/A
190,9,0,#N/A,#N/A,159,0,0,0,SERVICE RETHYMNO,KATHARAKIS,Vasilis Lolosidis,SOUND & VISION Co,SIKELIANOU 9,,71305,KALITHEA RETHYMNO CRETE,,,3.02831E+11,,#N/A,#N/A,180,#N/A
191,9,0,#N/A,#N/A,159,0,0,0,SERVICE CORFU,KYPRIOY,Vasilis Lolosidis,SOUND & VISION Co,DENDRINOU 6A ,,49100,CORFU,,,3.02661E+11,,#N/A,#N/A,181,#N/A
192,9,0,#N/A,#N/A,159,0,0,0,SERVICE RHODES,STAYROU,Vasilis Lolosidis,SOUND & VISION Co,ERYTHROY STAYROU,,85104,KREMASTI RHODES,,,3.02241E+11,,#N/A,#N/A,182,#N/A
193,9,0,#N/A,#N/A,159,0,0,0,SERVICE MYTILINI,PAPAPANTOS,Vasilis Lolosidis,SOUND & VISION Co,SKAMANDRIOU 8,,81100,MYTILINI LESVOS,,,3.02251E+11,,#N/A,#N/A,183,#N/A
194,10,157,"S.A.T.E.R. di Tani, Mazzerelli e Forti s.n.c.",CAT-TPV-79277,79277,0,0,0,SATER,S.A.T.E.R. di Tani M e F.,TANI,ROSSANO ,VIA A.ALLORI 54/56,,50127,FIRENZE,,55430062,3286590993,470620485,"S.A.T.E.R. di Tani, Mazzerelli e Forti s.n.c. - FIRENZE","WH - S.A.T.E.R. di Tani, Mazzerelli e Forti s.n.c. - FIRENZE",184,"S.A.T.E.R. di Tani, Mazzerelli e Forti s.n.c.-184"
195,10,162,LABORATORIO RD TV di Clagnan,CAT-TPV-79331,79331,0,0,0,CLAGNAN,LABORATORIO RADIO TV DI CLAGNAN LUCIO,CLAGNAN,LUCIO,"SALITA ALLA ROCCA, 3",,34074,MONFALCONE,"ORARIO DI LAVORO-DALLE 08.30  ALLE  12.30
            POMERIGGIO-DALLE 15.30  ALLE  19.00
     ********CHIUSO LUNEDI********",481798823,,83060319,LABORATORIO RD TV di Clagnan - MONFALCONE,WH - LABORATORIO RD TV di Clagnan - MONFALCONE,185,LABORATORIO RD TV di Clagnan-185
196,10,146,LT SERVICE SRL,CAT-TPV-79243,79243,0,0,0,gravina,,LT SERVICE SRL,Salvo Trombetta,"via napoli, 38/b",,95030,gravina di catania,,95395955,3478848248,,LT SERVICE SRL - gravina di catania,WH - LT SERVICE SRL - gravina di catania,186,LT SERVICE SRL-186
197,10,222,#N/A,#N/A,80291,0,0,0,Telecentro,Telecentro di Canzian Fausto,Canzian ,Fausto,via P.Maset  23,,31015,Conegliano,,43835236,3388929418,567480264,#N/A,#N/A,187,#N/A
198,10,192,PERCHE' BUTTARE DI SOFFRITTI DAVIDE,CAT-TPV-79261,79261,0,0,0,PERCHE BUTTARE,,PERCHE' BUTTARE DI SOFFRITTI D,Soffritti Davide,VIA PERTINI 8,,27049,STRADELLA,,,3349130338,,PERCHE' BUTTARE DI SOFFRITTI DAVIDE - STRADELLA,WH - PERCHE' BUTTARE DI SOFFRITTI DAVIDE - STRADELLA,188,PERCHE' BUTTARE DI SOFFRITTI DAVIDE-188
199,10,180,S.T.A.R.T. s.a.s. di Bersani Fabrizio C.,CAT-TPV-79278,79278,0,0,0,START,S.T.A.R.T. SAS,S.T.A.R.T. s.a.s. di Bersani F,Bersani fabrizio,VIA JACOPINO DA TRADATE 13,,20155,MILANO,,,239265777,,S.T.A.R.T. s.a.s. di Bersani Fabrizio C. - MILANO,WH - S.T.A.R.T. s.a.s. di Bersani Fabrizio C. - MILANO,189,S.T.A.R.T. s.a.s. di Bersani Fabrizio C.-189
200,10,169,TECNI.COO SOCIETA' COOPERATIVA,CAT-TPV-79293,79293,0,0,0,TECNI.COO SOC.COOP,TECNI.COO SOCIETA' COOPERATIVA,SPEDICATI, ALBERTO,"VIA G.VERDI, 37",,73020,CASTROMEDIANO DI CAVALLINO,,832348998,3278658666,4446540751,TECNI.COO SOCIETA' COOPERATIVA - CASTROMEDIANO DI CAVALLINO,WH - TECNI.COO SOCIETA' COOPERATIVA - CASTROMEDIANO DI CAVALLINO,190,TECNI.COO SOCIETA' COOPERATIVA-190
201,10,157,VITTORIO TV di Andreuccetti Stefano,CAT-TPV-79328,79328,0,0,0,lab,VITTORIO TV di Andreuccetti Stefano,Andreuccetti,Stefano,vai Alamanni  27/29,,50053,Empoli,,57183311,3458214300,5896730487,VITTORIO TV di Andreuccetti Stefano - Empoli,WH - VITTORIO TV di Andreuccetti Stefano - Empoli,191,VITTORIO TV di Andreuccetti Stefano-191
202,10,208,ELETTRONICA G.M.C. s.r.l.,CAT-TPV-79185,79185,0,0,0,SEDE,ELETTRONICA G.M.C. s.r.l.,ELETTRONICA G.M.C. s.r.l.,Cantalini Patrizio,"VIA AURELIA, 378",,165,ROMA,,66636508,,1044551008,ELETTRONICA G.M.C. s.r.l. - ROMA,WH - ELETTRONICA G.M.C. s.r.l. - ROMA,192,ELETTRONICA G.M.C. s.r.l.-192
203,10,131,ADS s.r.l.,CAT-TPV-79129,79129,0,0,0,ADS s.r.l.,ADS s.r.l.,ADS s.r.l.,ADS s.r.l.,viale caduti di nassirya,,70124,bari,,805020006,,6855090723,ADS s.r.l. - bari,WH - ADS s.r.l. - bari,193,ADS s.r.l.-193
204,10,208,SCF s.r.l.,CAT-TPV-79284,79284,0,0,0,SEDE,SCF s.r.l.,SCF s.r.l.,Cerchiaro giuseppe antonio,"Via M;assa di s.Giuliano, 556/G",,132,ROMA,,62203016,3331907308,,SCF s.r.l. - ROMA,WH - SCF s.r.l. - ROMA,194,SCF s.r.l.-194
205,10,182,ARVIS s.r.l.,CAT-TPV-79137,79137,0,0,0,arvis,ARVIS s.r.l.,Gulisano ,Giovanni,via einaudi 2,,20832,desio,,3621721774,,11321790153,ARVIS s.r.l. - desio,WH - ARVIS s.r.l. - desio,195,ARVIS s.r.l.-195
206,10,150,SERVICE TVC VIDEO HIFI,CAT-TPV-79288,79288,0,0,0,SERVICE,SERVICE TVC VIDEO HIFI,Noce,Antonio,via pietro mascagni n.13,,87036,RENDE,,984402289,3319532253,2422670782,SERVICE TVC VIDEO HIFI - RENDE,WH - SERVICE TVC VIDEO HIFI - RENDE,196,SERVICE TVC VIDEO HIFI-196
207,10,218,ELETTRONICA PROFESSIONALE s.n.c.,CAT-TPV-79193,79193,0,0,0,INDIRIZZO 1,,ELETTRONICA PROFESSIONALE s.n.c.,Chiocci/Pacifici,VIA MASACCIO 6,,5100,TERNI,,744407302,3398351997,,ELETTRONICA PROFESSIONALE s.n.c. - TERNI,WH - ELETTRONICA PROFESSIONALE s.n.c. - TERNI,197,ELETTRONICA PROFESSIONALE s.n.c.-197
208,10,189,AUDIO VIDEO SERVICE s.n.c.,CAT-TPV-79143,79143,0,0,0,FAGGIN GIANFRANCO,audio video service snc,AUDIO VIDEO SERVICE s.n.c.,Faggin gianfranco,via  angelo secchi 1,,35136,padova ,,498714894,3484030383,482050283,AUDIO VIDEO SERVICE s.n.c. - padova ,WH - AUDIO VIDEO SERVICE s.n.c. - padova ,198,AUDIO VIDEO SERVICE s.n.c.-198
209,10,153,R.T.A. snc di Viglino G. Allaria V. e Sottimano F,CAT-TPV-79271,79271,0,0,0,sede,R.T.A. s.n.c.,R.T.A. s.n.c. di F. S. e M.,Matis,cso Piave 91b,,12051,Alba,,,173282880,,R.T.A. snc di Viglino G. Allaria V. e Sottimano F - Alba,WH - R.T.A. snc di Viglino G. Allaria V. e Sottimano F - Alba,199,R.T.A. snc di Viglino G. Allaria V. e Sottimano F-199
210,10,218,S.A.T. di Urbani Silvia e Pelliccia Giancarlo snc,CAT-TPV-79276,79276,0,0,0,SAT LABORATORIO,,S.A.T. di Urbani Silvia e Pell,Urbani Silvia,Via Angelo Costanzi 16,,5018,ORVIETO,,,2482476262,,S.A.T. di Urbani Silvia e Pelliccia Giancarlo snc - ORVIETO,WH - S.A.T. di Urbani Silvia e Pelliccia Giancarlo snc - ORVIETO,200,S.A.T. di Urbani Silvia e Pelliccia Giancarlo snc-200
211,10,180,test,CAT-TPV-96756,96756,0,0,0,543543534,,Cito,Lorida,"rruga avdyl frasheri, pall 3, shk2, apt 14",,10000,Milano,,,543543534,,test - Milano,WH - test - Milano,201,test-201
212,10,161,D.M. ELECTRONIC di Ravera & Dell'Aira s.n.c.,CAT-TPV-79169,79169,0,0,0,DM,,D.M. ELECTRONIC di Ravera & De,Dell'Aira,VIA ERIDANIA 13,,16151,GENOVA,,,10416343,,D.M. ELECTRONIC di Ravera & Dell'Aira s.n.c. - GENOVA,WH - D.M. ELECTRONIC di Ravera & Dell'Aira s.n.c. - GENOVA,202,D.M. ELECTRONIC di Ravera & Dell'Aira s.n.c.-202
213,10,152,MICROELETTRONICA di Scida Giovanni,CAT-TPV-79257,79257,0,0,0,laboratorio,,MICROELETTRONICA di Scida Giov,Giovanni Scida,c.so mazzini 38,,88900,crotone,,,3471176961,,MICROELETTRONICA di Scida Giovanni - crotone,WH - MICROELETTRONICA di Scida Giovanni - crotone,203,MICROELETTRONICA di Scida Giovanni-203
214,10,156,TELSAT di Peggio Ivano & C. s.n.c.,CAT-TPV-79309,79309,0,0,0,TELSAT FERRARA,TELSAT DI PEGGIO I. & C. SNC,TELSAT di Peggio Ivano & C. s.,Peggio Ivano,VIA TOSCANINI 45,,44124,FERRARA,,532975221,3491934055,1306920388,TELSAT di Peggio Ivano & C. s.n.c. - FERRARA,WH - TELSAT di Peggio Ivano & C. s.n.c. - FERRARA,204,TELSAT di Peggio Ivano & C. s.n.c.-204
215,10,166,MARINANGELI FABRIZIO,CAT-TPV-79251,79251,0,0,0,SEDE,,MARINANGELI FABRIZIO,Marinangeli Fabrizio,"VIA ROCCO CARABBA,27",,67100,L'AQUILA,,0862 310279,3483863005,,MARINANGELI FABRIZIO - L'AQUILA,WH - MARINANGELI FABRIZIO - L'AQUILA,205,MARINANGELI FABRIZIO-205
